Serial No.     ,    Alfa   ,     Date
     01        ,     A     ,    01/04/2014
     02        ,     B     ,    02/04/2014
     03        ,     C     ,    03/04/2014
     04        ,     D     ,    04/04/2014
     05        ,     E     ,    05/04/2014
     06        ,     F     ,    06/04/2014
     07        ,     G     ,    07/04/2014
     08        ,     H     ,    08/04/2014
     09        ,     I     ,    09/04/2014
     10        ,     J     ,    10/04/2014
     11        ,     K     ,    11/04/2014
     12        ,     L     ,    12/04/2014
     13        ,     M     ,    13/04/2014
     14        ,     N     ,    14/04/2014
     15        ,     O     ,    15/04/2014
     16        ,     P     ,    16/04/2014
     17        ,     Q     ,    17/04/2014
     18        ,     R     ,    18/04/2014
     19        ,     S     ,    19/04/2014
     20        ,     T     ,    20/04/2014
     21        ,     U     ,    21/04/2014
     22        ,     V     ,    22/04/2014
     23        ,     W     ,    23/04/2014
     24        ,     X     ,    24/04/2014
     25        ,     Y     ,    25/04/2014
     26        ,     Z     ,    26/04/2014
